approve_rate,review_rate,block_rate
0.9014793314919713,0.09749075417817518,0.0010299143298534712
