LogReg_block_rate,RandomForest_block_rate,XGBoost_block_rate
0.010416179017836244,0.008988343242357567,0.0102523290108141
