{
  "LogReg": {
    "AUROC": 0.979184618990103,
    "AUPRC": 0.7664561817937771
  },
  "RandomForest": {
    "AUROC": 0.9351055055794919,
    "AUPRC": 0.7833457534704127
  },
  "XGBoost": {
    "AUROC": 0.9697986335202178,
    "AUPRC": 0.771121484691976
  }
}