{
  "LogReg": {
    "AUROC": 0.9791607326350706,
    "AUPRC": 0.766081362116213,
    "ValThr@1%FPR": {
      "thr": 0.6272485826005503,
      "Precision": 0.09438202247191012,
      "Recall": 0.8076923076923077,
      "F1": 0.16901408450704225
    }
  },
  "RandomForest": {
    "AUROC": 0.9459073209424743,
    "AUPRC": 0.7770060126359504,
    "ValThr@1%FPR": {
      "thr": 0.008,
      "Precision": 0.11458333333333333,
      "Recall": 0.8461538461538461,
      "F1": 0.2018348623853211
    }
  },
  "XGBoost": {
    "AUROC": 0.9814853707342576,
    "AUPRC": 0.7668796841398493,
    "ValThr@1%FPR": {
      "thr": 0.00018365283904131502,
      "Precision": 0.09817351598173515,
      "Recall": 0.8269230769230769,
      "F1": 0.17551020408163265
    }
  },
  "RL_DQN": {
    "Cost_per_1k": 161.8650812226932,
    "Rates": {
      "Approve_rate": 0.9014793314919713,
      "Review_rate": 0.09749075417817518,
      "Block_rate": 0.0010299143298534712
    },
    "Alerts_BLOCK_only": {
      "Precision": 0.7727272727272727,
      "Recall": 0.6538461538461539,
      "F1": 0.7083333333333334
    },
    "Alerts_BLOCK_or_REVIEW": {
      "Precision": 0.00950344499881207,
      "Recall": 0.7692307692307693,
      "F1": 0.018774935461159353
    }
  }
}