{
  "LogReg": {
    "Precision": 0.09438202247191012,
    "Recall": 0.8076923076923077,
    "F1": 0.16901408450704225
  },
  "RandomForest": {
    "Precision": 0.11458333333333333,
    "Recall": 0.8461538461538461,
    "F1": 0.2018348623853211
  },
  "XGBoost": {
    "Precision": 0.09817351598173515,
    "Recall": 0.8269230769230769,
    "F1": 0.17551020408163265
  },
  "RL (BLOCK)": {
    "Precision": 0.7727272727272727,
    "Recall": 0.6538461538461539,
    "F1": 0.7083333333333334
  },
  "RL (BLOCK|REVIEW)": {
    "Precision": 0.00950344499881207,
    "Recall": 0.7692307692307693,
    "F1": 0.018774935461159353
  },
  "thresholds_val_FPR1pct": {
    "LogReg": 0.6272485826005503,
    "RandomForest": 0.008,
    "XGBoost": 0.00018365283904131502
  },
  "rl_rates": {
    "block_rate": 0.0010299143298534712,
    "review_rate": 0.09749075417817518,
    "approve_rate": 0.9014793314919713
  }
}