{
  "LR": {
    "count": 5000,
    "mean_ms": 0.5277812197105959,
    "p50_ms": 0.3763999557122588,
    "p95_ms": 1.1672600405290725,
    "p99_ms": 1.6093150305096062,
    "tps": 1892.691006495112
  },
  "RF": {
    "count": 5000,
    "mean_ms": 72.40445366005879,
    "p50_ms": 72.8936999803409,
    "p95_ms": 91.35256002191454,
    "p99_ms": 115.88696798542516,
    "tps": 13.810955714415082
  },
  "XGB": {
    "count": 5000,
    "mean_ms": 1.229253120231442,
    "p50_ms": 1.1928000021725893,
    "p95_ms": 1.392075006151572,
    "p99_ms": 1.6952241002582062,
    "tps": 813.0119373672376
  },
  "RL": {
    "count": 5000,
    "mean_ms": 0.4067919803317636,
    "p50_ms": 0.3915999550372362,
    "p95_ms": 0.49730505561456084,
    "p99_ms": 0.6550129817333076,
    "tps": 2452.717493137436
  }
}