{
  "LR": {
    "AUROC": 0.9791607326350706,
    "AUPRC": 0.766081362116213,
    "Precision": 0.09438202247191012,
    "Recall": 0.8076923076923077,
    "F1": 0.16901408450704225
  },
  "RF": {
    "AUROC": 0.9459073209424743,
    "AUPRC": 0.7770060126359504,
    "Precision": 0.11458333333333333,
    "Recall": 0.8461538461538461,
    "F1": 0.2018348623853211
  },
  "XGB": {
    "AUROC": 0.9814853707342576,
    "AUPRC": 0.7668796841398493,
    "Precision": 0.09817351598173515,
    "Recall": 0.8269230769230769,
    "F1": 0.17551020408163265
  },
  "RL": {
    "AUROC": NaN,
    "AUPRC": NaN,
    "Precision": 0.7727272727272727,
    "Recall": 0.6538461538461539,
    "F1": 0.7083333333333334
  }
}