LogReg,RandomForest,XGBoost,RL
181.57857778181383,185.52502223665937,182.3416506716593,161.8650812226932
