{
  "block_metrics": {
    "precision": 0.7727272727272727,
    "recall": 0.6538461538461539,
    "f1": 0.7083333333333333
  },
  "review": {
    "count": 4165,
    "frauds": 6,
    "hit_rate": 0.0014405762304921968
  },
  "combined_recall_block_or_review": 0.7692307692307693,
  "action_rates": {
    "approve_rate": 0.9014793314919713,
    "review_rate": 0.09749075417817518,
    "block_rate": 0.0010299143298534712
  }
}