{
  "LR": {
    "Precision": 0.09438202247191012,
    "Recall": 0.8076923076923077,
    "F1": 0.16901408450704225
  },
  "RF": {
    "Precision": 0.11458333333333333,
    "Recall": 0.8461538461538461,
    "F1": 0.2018348623853211
  },
  "XGB": {
    "Precision": 0.09817351598173515,
    "Recall": 0.8269230769230769,
    "F1": 0.17551020408163265
  },
  "RL": {
    "Precision": 0.5526315789473685,
    "Recall": 0.7,
    "F1": 0.6176470588235294
  }
}