{
  "RL": {
    "P": 0.7727272727272727,
    "R": 0.6538461538461539,
    "F1": 0.7083333333333334
  },
  "LR": {
    "P": 0.09438202247191012,
    "R": 0.8076923076923077,
    "F1": 0.16901408450704225
  },
  "RF": {
    "P": 0.11458333333333333,
    "R": 0.8461538461538461,
    "F1": 0.2018348623853211
  },
  "XGB": {
    "P": 0.09817351598173515,
    "R": 0.8269230769230769,
    "F1": 0.17551020408163265
  },
  "VAL_thresholds_at_1pctFPR": {
    "LR": 0.6272485826005503,
    "RF": 0.008,
    "XGB": 0.00018365283904131502
  }
}